Aaron|Aaron@gmail.com|2017-01-01 03:03:03
Paul|Paul@gmail.com|2018-11-01 11:11:11
Julia|Julia@gmail.com|2018-11-01 11:11:11
Roberts|Roberts@gmail.com|2018-11-02 11:11:11
Brad|Brad@gmail.com|2018-12-01 23:02:21
Pitt|Pitt@gmail.com|2018-12-03 23:02:21
Smith|smith@gmail.com|2018-12-01 21:03:21
Will|will@gmail.com|2018-10-01 21:03:10
Jim|j@gmail.com|2019-10-01 13:13:10
Carrey|Carrey@gmail.com|2013-11-01 21:01:20

Fake|I am a Fake|2013-11-01 21:01:20